-- phpMyAdmin SQL Dump
-- version 4.6.6deb5
-- https://www.phpmyadmin.net/
--
-- Host: localhost:3306
-- Generation Time: 16-Nov-2019 às 01:22
-- Versão do servidor: 5.7.27-0ubuntu0.18.04.1
-- PHP Version: 7.2.24-0ubuntu0.18.04.1

SET SQL_MODE = "NO_AUTO_VALUE_ON_ZERO";
SET time_zone = "+00:00";


/*!40101 SET @OLD_CHARACTER_SET_CLIENT=@@CHARACTER_SET_CLIENT */;
/*!40101 SET @OLD_CHARACTER_SET_RESULTS=@@CHARACTER_SET_RESULTS */;
/*!40101 SET @OLD_COLLATION_CONNECTION=@@COLLATION_CONNECTION */;
/*!40101 SET NAMES utf8mb4 */;

--
-- Database: `matematica`
--

-- --------------------------------------------------------

--
-- Estrutura da tabela `failed_jobs`
--

CREATE TABLE `failed_jobs` (
  `id` bigint(20) UNSIGNED NOT NULL,
  `connection` text COLLATE utf8mb4_unicode_ci NOT NULL,
  `queue` text COLLATE utf8mb4_unicode_ci NOT NULL,
  `payload` longtext COLLATE utf8mb4_unicode_ci NOT NULL,
  `exception` longtext COLLATE utf8mb4_unicode_ci NOT NULL,
  `failed_at` timestamp NOT NULL DEFAULT CURRENT_TIMESTAMP
) ENGINE=InnoDB DEFAULT CHARSET=utf8mb4 COLLATE=utf8mb4_unicode_ci;

-- --------------------------------------------------------

--
-- Estrutura da tabela `matches`
--

CREATE TABLE `matches` (
  `id` bigint(20) UNSIGNED NOT NULL,
  `score` varchar(255) COLLATE utf8mb4_unicode_ci NOT NULL,
  `time` varchar(255) COLLATE utf8mb4_unicode_ci NOT NULL,
  `mathoperation_id` bigint(20) UNSIGNED NOT NULL,
  `users_id` bigint(20) UNSIGNED NOT NULL,
  `created_at` timestamp NULL DEFAULT NULL,
  `updated_at` timestamp NULL DEFAULT NULL
) ENGINE=InnoDB DEFAULT CHARSET=utf8mb4 COLLATE=utf8mb4_unicode_ci;

--
-- Extraindo dados da tabela `matches`
--

INSERT INTO `matches` (`id`, `score`, `time`, `mathoperation_id`, `users_id`, `created_at`, `updated_at`) VALUES
(1, '1000', '2000', 1, 1, '2019-11-16 03:33:41', '2019-11-16 03:33:41'),
(2, '1000', '2000', 1, 1, '2019-11-16 03:34:33', '2019-11-16 03:34:33'),
(3, '1000', '2000', 1, 1, '2019-11-16 03:34:49', '2019-11-16 03:34:49'),
(4, '1000', '2000', 1, 2, '2019-11-16 03:35:39', '2019-11-16 03:35:39'),
(5, '1000', '2000', 1, 2, '2019-11-16 03:42:01', '2019-11-16 03:42:01');

-- --------------------------------------------------------

--
-- Estrutura da tabela `math_operations`
--

CREATE TABLE `math_operations` (
  `id` bigint(20) UNSIGNED NOT NULL,
  `name` varchar(255) COLLATE utf8mb4_unicode_ci NOT NULL,
  `created_at` timestamp NULL DEFAULT NULL,
  `updated_at` timestamp NULL DEFAULT NULL
) ENGINE=InnoDB DEFAULT CHARSET=utf8mb4 COLLATE=utf8mb4_unicode_ci;

--
-- Extraindo dados da tabela `math_operations`
--

INSERT INTO `math_operations` (`id`, `name`, `created_at`, `updated_at`) VALUES
(1, 'Adição', '2019-11-16 03:33:26', '2019-11-16 03:33:26'),
(2, 'Subtração', '2019-11-16 03:33:26', '2019-11-16 03:33:26'),
(3, 'Multiplicação', '2019-11-16 03:33:26', '2019-11-16 03:33:26'),
(4, 'Divisão', '2019-11-16 03:33:26', '2019-11-16 03:33:26'),
(5, 'Exponenciação', '2019-11-16 03:33:26', '2019-11-16 03:33:26');

-- --------------------------------------------------------

--
-- Estrutura da tabela `math_problems`
--

CREATE TABLE `math_problems` (
  `id` bigint(20) UNSIGNED NOT NULL,
  `problem` varchar(255) COLLATE utf8mb4_unicode_ci NOT NULL,
  `result` double NOT NULL,
  `stage` int(11) NOT NULL,
  `mathoperation_id` bigint(20) UNSIGNED NOT NULL,
  `created_at` timestamp NULL DEFAULT NULL,
  `updated_at` timestamp NULL DEFAULT NULL
) ENGINE=InnoDB DEFAULT CHARSET=utf8mb4 COLLATE=utf8mb4_unicode_ci;

--
-- Extraindo dados da tabela `math_problems`
--

INSERT INTO `math_problems` (`id`, `problem`, `result`, `stage`, `mathoperation_id`, `created_at`, `updated_at`) VALUES
(1, '29 + 2', 31, 1, 1, '2019-11-16 03:33:26', '2019-11-16 03:33:26'),
(2, '3 + 23', 26, 1, 1, '2019-11-16 03:33:26', '2019-11-16 03:33:26'),
(3, '29 + 19', 48, 1, 1, '2019-11-16 03:33:26', '2019-11-16 03:33:26'),
(4, '4 + 13', 17, 1, 1, '2019-11-16 03:33:26', '2019-11-16 03:33:26'),
(5, '29 + 19', 48, 1, 1, '2019-11-16 03:33:26', '2019-11-16 03:33:26'),
(6, '4 + 19', 23, 1, 1, '2019-11-16 03:33:26', '2019-11-16 03:33:26'),
(7, '3 + 26', 29, 1, 1, '2019-11-16 03:33:26', '2019-11-16 03:33:26'),
(8, '9 + 5', 14, 1, 1, '2019-11-16 03:33:26', '2019-11-16 03:33:26'),
(9, '18 + 12', 30, 1, 1, '2019-11-16 03:33:26', '2019-11-16 03:33:26'),
(10, '12 + 3', 15, 1, 1, '2019-11-16 03:33:26', '2019-11-16 03:33:26'),
(11, '4 + 19', 23, 1, 1, '2019-11-16 03:33:26', '2019-11-16 03:33:26'),
(12, '25 + 22', 47, 1, 1, '2019-11-16 03:33:26', '2019-11-16 03:33:26'),
(13, '30 + 11', 41, 1, 1, '2019-11-16 03:33:26', '2019-11-16 03:33:26'),
(14, '13 + 3', 16, 1, 1, '2019-11-16 03:33:26', '2019-11-16 03:33:26'),
(15, '4 + 18', 22, 1, 1, '2019-11-16 03:33:26', '2019-11-16 03:33:26'),
(16, '3 + 29', 32, 1, 1, '2019-11-16 03:33:26', '2019-11-16 03:33:26'),
(17, '25 + 27', 52, 1, 1, '2019-11-16 03:33:26', '2019-11-16 03:33:26'),
(18, '7 + 28', 35, 1, 1, '2019-11-16 03:33:26', '2019-11-16 03:33:26'),
(19, '21 + 12', 33, 1, 1, '2019-11-16 03:33:26', '2019-11-16 03:33:26'),
(20, '16 + 22', 38, 1, 1, '2019-11-16 03:33:26', '2019-11-16 03:33:26'),
(21, '18 + 15', 33, 1, 1, '2019-11-16 03:33:26', '2019-11-16 03:33:26'),
(22, '10 + 20', 30, 1, 1, '2019-11-16 03:33:26', '2019-11-16 03:33:26'),
(23, '18 + 25', 43, 1, 1, '2019-11-16 03:33:26', '2019-11-16 03:33:26'),
(24, '11 + 19', 30, 1, 1, '2019-11-16 03:33:26', '2019-11-16 03:33:26'),
(25, '13 + 12', 25, 1, 1, '2019-11-16 03:33:26', '2019-11-16 03:33:26'),
(26, '10 + 17', 27, 1, 1, '2019-11-16 03:33:26', '2019-11-16 03:33:26'),
(27, '13 + 27', 40, 1, 1, '2019-11-16 03:33:26', '2019-11-16 03:33:26'),
(28, '27 + 23', 50, 1, 1, '2019-11-16 03:33:26', '2019-11-16 03:33:26'),
(29, '12 + 3', 15, 1, 1, '2019-11-16 03:33:26', '2019-11-16 03:33:26'),
(30, '30 + 22', 52, 1, 1, '2019-11-16 03:33:26', '2019-11-16 03:33:26'),
(31, '16 + 18', 34, 1, 1, '2019-11-16 03:33:26', '2019-11-16 03:33:26'),
(32, '27 + 25', 52, 1, 1, '2019-11-16 03:33:26', '2019-11-16 03:33:26'),
(33, '27 + 6', 33, 1, 1, '2019-11-16 03:33:26', '2019-11-16 03:33:26'),
(34, '17 + 21', 38, 1, 1, '2019-11-16 03:33:26', '2019-11-16 03:33:26'),
(35, '8 + 28', 36, 1, 1, '2019-11-16 03:33:26', '2019-11-16 03:33:26'),
(36, '16 + 24', 40, 1, 1, '2019-11-16 03:33:26', '2019-11-16 03:33:26'),
(37, '25 + 5', 30, 1, 1, '2019-11-16 03:33:26', '2019-11-16 03:33:26'),
(38, '9 + 21', 30, 1, 1, '2019-11-16 03:33:26', '2019-11-16 03:33:26'),
(39, '20 + 15', 35, 1, 1, '2019-11-16 03:33:26', '2019-11-16 03:33:26'),
(40, '8 + 20', 28, 1, 1, '2019-11-16 03:33:26', '2019-11-16 03:33:26'),
(41, '24 + 7', 31, 1, 1, '2019-11-16 03:33:26', '2019-11-16 03:33:26'),
(42, '29 + 1', 30, 1, 1, '2019-11-16 03:33:26', '2019-11-16 03:33:26'),
(43, '24 + 5', 29, 1, 1, '2019-11-16 03:33:26', '2019-11-16 03:33:26'),
(44, '9 + 18', 27, 1, 1, '2019-11-16 03:33:26', '2019-11-16 03:33:26'),
(45, '12 + 6', 18, 1, 1, '2019-11-16 03:33:26', '2019-11-16 03:33:26'),
(46, '12 + 29', 41, 1, 1, '2019-11-16 03:33:26', '2019-11-16 03:33:26'),
(47, '22 + 13', 35, 1, 1, '2019-11-16 03:33:27', '2019-11-16 03:33:27'),
(48, '10 + 8', 18, 1, 1, '2019-11-16 03:33:27', '2019-11-16 03:33:27'),
(49, '12 + 25', 37, 1, 1, '2019-11-16 03:33:27', '2019-11-16 03:33:27'),
(50, '18 + 22', 40, 1, 1, '2019-11-16 03:33:27', '2019-11-16 03:33:27'),
(51, '6 + 16', 22, 1, 1, '2019-11-16 03:33:27', '2019-11-16 03:33:27'),
(52, '26 + 21', 47, 1, 1, '2019-11-16 03:33:27', '2019-11-16 03:33:27'),
(53, '5 + 11', 16, 1, 1, '2019-11-16 03:33:27', '2019-11-16 03:33:27'),
(54, '6 + 20', 26, 1, 1, '2019-11-16 03:33:27', '2019-11-16 03:33:27'),
(55, '30 + 7', 37, 1, 1, '2019-11-16 03:33:27', '2019-11-16 03:33:27'),
(56, '22 + 25', 47, 1, 1, '2019-11-16 03:33:27', '2019-11-16 03:33:27'),
(57, '25 + 2', 27, 1, 1, '2019-11-16 03:33:27', '2019-11-16 03:33:27'),
(58, '11 + 19', 30, 1, 1, '2019-11-16 03:33:27', '2019-11-16 03:33:27'),
(59, '7 + 16', 23, 1, 1, '2019-11-16 03:33:27', '2019-11-16 03:33:27'),
(60, '1 + 2', 3, 1, 1, '2019-11-16 03:33:27', '2019-11-16 03:33:27'),
(61, '18 + 14', 32, 1, 1, '2019-11-16 03:33:27', '2019-11-16 03:33:27'),
(62, '24 + 12', 36, 1, 1, '2019-11-16 03:33:27', '2019-11-16 03:33:27'),
(63, '30 + 24', 54, 1, 1, '2019-11-16 03:33:27', '2019-11-16 03:33:27'),
(64, '5 + 15', 20, 1, 1, '2019-11-16 03:33:27', '2019-11-16 03:33:27'),
(65, '29 + 11', 40, 1, 1, '2019-11-16 03:33:27', '2019-11-16 03:33:27'),
(66, '15 + 30', 45, 1, 1, '2019-11-16 03:33:27', '2019-11-16 03:33:27'),
(67, '4 + 16', 20, 1, 1, '2019-11-16 03:33:27', '2019-11-16 03:33:27'),
(68, '26 + 11', 37, 1, 1, '2019-11-16 03:33:27', '2019-11-16 03:33:27'),
(69, '25 + 26', 51, 1, 1, '2019-11-16 03:33:27', '2019-11-16 03:33:27'),
(70, '10 + 2', 12, 1, 1, '2019-11-16 03:33:27', '2019-11-16 03:33:27'),
(71, '19 - 16', 3, 1, 2, '2019-11-16 03:33:27', '2019-11-16 03:33:27'),
(72, '24 - 2', 22, 1, 2, '2019-11-16 03:33:27', '2019-11-16 03:33:27'),
(73, '30 - 6', 24, 1, 2, '2019-11-16 03:33:27', '2019-11-16 03:33:27'),
(74, '27 - 11', 16, 1, 2, '2019-11-16 03:33:27', '2019-11-16 03:33:27'),
(75, '16 - 5', 11, 1, 2, '2019-11-16 03:33:27', '2019-11-16 03:33:27'),
(76, '28 - 22', 6, 1, 2, '2019-11-16 03:33:27', '2019-11-16 03:33:27'),
(77, '22 - 10', 12, 1, 2, '2019-11-16 03:33:27', '2019-11-16 03:33:27'),
(78, '30 - 16', 14, 1, 2, '2019-11-16 03:33:27', '2019-11-16 03:33:27'),
(79, '29 - 9', 20, 1, 2, '2019-11-16 03:33:27', '2019-11-16 03:33:27'),
(80, '20 - 3', 17, 1, 2, '2019-11-16 03:33:27', '2019-11-16 03:33:27'),
(81, '29 - 10', 19, 1, 2, '2019-11-16 03:33:27', '2019-11-16 03:33:27'),
(82, '28 - 22', 6, 1, 2, '2019-11-16 03:33:27', '2019-11-16 03:33:27'),
(83, '23 - 17', 6, 1, 2, '2019-11-16 03:33:27', '2019-11-16 03:33:27'),
(84, '25 - 17', 8, 1, 2, '2019-11-16 03:33:27', '2019-11-16 03:33:27'),
(85, '30 - 9', 21, 1, 2, '2019-11-16 03:33:27', '2019-11-16 03:33:27'),
(86, '7 - 6', 1, 1, 2, '2019-11-16 03:33:27', '2019-11-16 03:33:27'),
(87, '14 - 6', 8, 1, 2, '2019-11-16 03:33:27', '2019-11-16 03:33:27'),
(88, '19 - 12', 7, 1, 2, '2019-11-16 03:33:27', '2019-11-16 03:33:27'),
(89, '16 - 15', 1, 1, 2, '2019-11-16 03:33:27', '2019-11-16 03:33:27'),
(90, '28 - 4', 24, 1, 2, '2019-11-16 03:33:27', '2019-11-16 03:33:27'),
(91, '30 - 3', 27, 1, 2, '2019-11-16 03:33:27', '2019-11-16 03:33:27'),
(92, '23 - 11', 12, 1, 2, '2019-11-16 03:33:27', '2019-11-16 03:33:27'),
(93, '28 - 5', 23, 1, 2, '2019-11-16 03:33:27', '2019-11-16 03:33:27'),
(94, '28 - 9', 19, 1, 2, '2019-11-16 03:33:27', '2019-11-16 03:33:27'),
(95, '12 - 9', 3, 1, 2, '2019-11-16 03:33:27', '2019-11-16 03:33:27'),
(96, '27 - 7', 20, 1, 2, '2019-11-16 03:33:27', '2019-11-16 03:33:27'),
(97, '28 - 7', 21, 1, 2, '2019-11-16 03:33:27', '2019-11-16 03:33:27'),
(98, '19 - 5', 14, 1, 2, '2019-11-16 03:33:27', '2019-11-16 03:33:27'),
(99, '27 - 10', 17, 1, 2, '2019-11-16 03:33:27', '2019-11-16 03:33:27'),
(100, '24 - 17', 7, 1, 2, '2019-11-16 03:33:27', '2019-11-16 03:33:27'),
(101, '15 - 14', 1, 1, 2, '2019-11-16 03:33:27', '2019-11-16 03:33:27'),
(102, '16 - 7', 9, 1, 2, '2019-11-16 03:33:27', '2019-11-16 03:33:27'),
(103, '15 - 11', 4, 1, 2, '2019-11-16 03:33:27', '2019-11-16 03:33:27'),
(104, '22 - 10', 12, 1, 2, '2019-11-16 03:33:27', '2019-11-16 03:33:27'),
(105, '14 - 11', 3, 1, 2, '2019-11-16 03:33:27', '2019-11-16 03:33:27'),
(106, '16 - 8', 8, 1, 2, '2019-11-16 03:33:27', '2019-11-16 03:33:27'),
(107, '21 - 6', 15, 1, 2, '2019-11-16 03:33:27', '2019-11-16 03:33:27'),
(108, '7 - 3', 4, 1, 2, '2019-11-16 03:33:27', '2019-11-16 03:33:27'),
(109, '22 - 7', 15, 1, 2, '2019-11-16 03:33:27', '2019-11-16 03:33:27'),
(110, '21 - 6', 15, 1, 2, '2019-11-16 03:33:27', '2019-11-16 03:33:27'),
(111, '30 - 20', 10, 1, 2, '2019-11-16 03:33:27', '2019-11-16 03:33:27'),
(112, '29 - 13', 16, 1, 2, '2019-11-16 03:33:27', '2019-11-16 03:33:27'),
(113, '30 - 12', 18, 1, 2, '2019-11-16 03:33:27', '2019-11-16 03:33:27'),
(114, '16 - 11', 5, 1, 2, '2019-11-16 03:33:27', '2019-11-16 03:33:27'),
(115, '27 - 24', 3, 1, 2, '2019-11-16 03:33:27', '2019-11-16 03:33:27'),
(116, '9 - 4', 5, 1, 2, '2019-11-16 03:33:27', '2019-11-16 03:33:27'),
(117, '1 - 1', 0, 1, 2, '2019-11-16 03:33:27', '2019-11-16 03:33:27'),
(118, '27 - 12', 15, 1, 2, '2019-11-16 03:33:27', '2019-11-16 03:33:27'),
(119, '9 - 2', 7, 1, 2, '2019-11-16 03:33:27', '2019-11-16 03:33:27'),
(120, '25 - 25', 0, 1, 2, '2019-11-16 03:33:27', '2019-11-16 03:33:27'),
(121, '24 - 5', 19, 1, 2, '2019-11-16 03:33:27', '2019-11-16 03:33:27'),
(122, '21 - 18', 3, 1, 2, '2019-11-16 03:33:27', '2019-11-16 03:33:27'),
(123, '5 - 4', 1, 1, 2, '2019-11-16 03:33:27', '2019-11-16 03:33:27'),
(124, '13 - 12', 1, 1, 2, '2019-11-16 03:33:27', '2019-11-16 03:33:27'),
(125, '29 - 28', 1, 1, 2, '2019-11-16 03:33:27', '2019-11-16 03:33:27'),
(126, '8 - 1', 7, 1, 2, '2019-11-16 03:33:27', '2019-11-16 03:33:27'),
(127, '17 - 10', 7, 1, 2, '2019-11-16 03:33:27', '2019-11-16 03:33:27'),
(128, '20 - 20', 0, 1, 2, '2019-11-16 03:33:28', '2019-11-16 03:33:28'),
(129, '29 - 19', 10, 1, 2, '2019-11-16 03:33:28', '2019-11-16 03:33:28'),
(130, '26 - 14', 12, 1, 2, '2019-11-16 03:33:28', '2019-11-16 03:33:28'),
(131, '28 - 2', 26, 1, 2, '2019-11-16 03:33:28', '2019-11-16 03:33:28'),
(132, '12 - 5', 7, 1, 2, '2019-11-16 03:33:28', '2019-11-16 03:33:28'),
(133, '13 - 10', 3, 1, 2, '2019-11-16 03:33:28', '2019-11-16 03:33:28'),
(134, '13 - 8', 5, 1, 2, '2019-11-16 03:33:28', '2019-11-16 03:33:28'),
(135, '8 - 4', 4, 1, 2, '2019-11-16 03:33:28', '2019-11-16 03:33:28'),
(136, '23 - 1', 22, 1, 2, '2019-11-16 03:33:28', '2019-11-16 03:33:28'),
(137, '24 - 12', 12, 1, 2, '2019-11-16 03:33:28', '2019-11-16 03:33:28'),
(138, '20 - 13', 7, 1, 2, '2019-11-16 03:33:28', '2019-11-16 03:33:28'),
(139, '21 - 14', 7, 1, 2, '2019-11-16 03:33:28', '2019-11-16 03:33:28'),
(140, '26 - 10', 16, 1, 2, '2019-11-16 03:33:28', '2019-11-16 03:33:28'),
(141, '8 x 7', 56, 1, 3, '2019-11-16 03:33:28', '2019-11-16 03:33:28'),
(142, '10 x 8', 80, 1, 3, '2019-11-16 03:33:28', '2019-11-16 03:33:28'),
(143, '9 x 7', 63, 1, 3, '2019-11-16 03:33:28', '2019-11-16 03:33:28'),
(144, '6 x 3', 18, 1, 3, '2019-11-16 03:33:28', '2019-11-16 03:33:28'),
(145, '1 x 3', 3, 1, 3, '2019-11-16 03:33:28', '2019-11-16 03:33:28'),
(146, '10 x 3', 30, 1, 3, '2019-11-16 03:33:28', '2019-11-16 03:33:28'),
(147, '1 x 2', 2, 1, 3, '2019-11-16 03:33:28', '2019-11-16 03:33:28'),
(148, '7 x 7', 49, 1, 3, '2019-11-16 03:33:28', '2019-11-16 03:33:28'),
(149, '6 x 8', 48, 1, 3, '2019-11-16 03:33:28', '2019-11-16 03:33:28'),
(150, '8 x 7', 56, 1, 3, '2019-11-16 03:33:28', '2019-11-16 03:33:28'),
(151, '1 x 10', 10, 1, 3, '2019-11-16 03:33:28', '2019-11-16 03:33:28'),
(152, '1 x 3', 3, 1, 3, '2019-11-16 03:33:28', '2019-11-16 03:33:28'),
(153, '3 x 7', 21, 1, 3, '2019-11-16 03:33:28', '2019-11-16 03:33:28'),
(154, '1 x 3', 3, 1, 3, '2019-11-16 03:33:28', '2019-11-16 03:33:28'),
(155, '8 x 6', 48, 1, 3, '2019-11-16 03:33:28', '2019-11-16 03:33:28'),
(156, '2 x 7', 14, 1, 3, '2019-11-16 03:33:28', '2019-11-16 03:33:28'),
(157, '4 x 1', 4, 1, 3, '2019-11-16 03:33:28', '2019-11-16 03:33:28'),
(158, '1 x 9', 9, 1, 3, '2019-11-16 03:33:28', '2019-11-16 03:33:28'),
(159, '10 x 5', 50, 1, 3, '2019-11-16 03:33:28', '2019-11-16 03:33:28'),
(160, '1 x 1', 1, 1, 3, '2019-11-16 03:33:28', '2019-11-16 03:33:28'),
(161, '5 x 5', 25, 1, 3, '2019-11-16 03:33:28', '2019-11-16 03:33:28'),
(162, '1 x 1', 1, 1, 3, '2019-11-16 03:33:28', '2019-11-16 03:33:28'),
(163, '9 x 8', 72, 1, 3, '2019-11-16 03:33:28', '2019-11-16 03:33:28'),
(164, '8 x 6', 48, 1, 3, '2019-11-16 03:33:28', '2019-11-16 03:33:28'),
(165, '4 x 6', 24, 1, 3, '2019-11-16 03:33:28', '2019-11-16 03:33:28'),
(166, '2 x 7', 14, 1, 3, '2019-11-16 03:33:28', '2019-11-16 03:33:28'),
(167, '4 x 6', 24, 1, 3, '2019-11-16 03:33:28', '2019-11-16 03:33:28'),
(168, '5 x 7', 35, 1, 3, '2019-11-16 03:33:28', '2019-11-16 03:33:28'),
(169, '8 x 7', 56, 1, 3, '2019-11-16 03:33:28', '2019-11-16 03:33:28'),
(170, '3 x 2', 6, 1, 3, '2019-11-16 03:33:28', '2019-11-16 03:33:28'),
(171, '1 x 1', 1, 1, 3, '2019-11-16 03:33:28', '2019-11-16 03:33:28'),
(172, '10 x 9', 90, 1, 3, '2019-11-16 03:33:28', '2019-11-16 03:33:28'),
(173, '6 x 9', 54, 1, 3, '2019-11-16 03:33:28', '2019-11-16 03:33:28'),
(174, '10 x 8', 80, 1, 3, '2019-11-16 03:33:28', '2019-11-16 03:33:28'),
(175, '6 x 3', 18, 1, 3, '2019-11-16 03:33:28', '2019-11-16 03:33:28'),
(176, '1 x 7', 7, 1, 3, '2019-11-16 03:33:28', '2019-11-16 03:33:28'),
(177, '2 x 7', 14, 1, 3, '2019-11-16 03:33:28', '2019-11-16 03:33:28'),
(178, '2 x 5', 10, 1, 3, '2019-11-16 03:33:28', '2019-11-16 03:33:28'),
(179, '4 x 8', 32, 1, 3, '2019-11-16 03:33:28', '2019-11-16 03:33:28'),
(180, '1 x 5', 5, 1, 3, '2019-11-16 03:33:28', '2019-11-16 03:33:28'),
(181, '1 x 1', 1, 1, 3, '2019-11-16 03:33:28', '2019-11-16 03:33:28'),
(182, '7 x 4', 28, 1, 3, '2019-11-16 03:33:28', '2019-11-16 03:33:28'),
(183, '10 x 3', 30, 1, 3, '2019-11-16 03:33:28', '2019-11-16 03:33:28'),
(184, '3 x 5', 15, 1, 3, '2019-11-16 03:33:28', '2019-11-16 03:33:28'),
(185, '5 x 8', 40, 1, 3, '2019-11-16 03:33:28', '2019-11-16 03:33:28'),
(186, '4 x 1', 4, 1, 3, '2019-11-16 03:33:28', '2019-11-16 03:33:28'),
(187, '10 x 1', 10, 1, 3, '2019-11-16 03:33:28', '2019-11-16 03:33:28'),
(188, '7 x 8', 56, 1, 3, '2019-11-16 03:33:28', '2019-11-16 03:33:28'),
(189, '3 x 6', 18, 1, 3, '2019-11-16 03:33:28', '2019-11-16 03:33:28'),
(190, '1 x 4', 4, 1, 3, '2019-11-16 03:33:28', '2019-11-16 03:33:28'),
(191, '9 x 1', 9, 1, 3, '2019-11-16 03:33:28', '2019-11-16 03:33:28'),
(192, '6 x 8', 48, 1, 3, '2019-11-16 03:33:28', '2019-11-16 03:33:28'),
(193, '3 x 2', 6, 1, 3, '2019-11-16 03:33:28', '2019-11-16 03:33:28'),
(194, '9 x 10', 90, 1, 3, '2019-11-16 03:33:28', '2019-11-16 03:33:28'),
(195, '6 x 6', 36, 1, 3, '2019-11-16 03:33:28', '2019-11-16 03:33:28'),
(196, '4 x 6', 24, 1, 3, '2019-11-16 03:33:28', '2019-11-16 03:33:28'),
(197, '3 x 8', 24, 1, 3, '2019-11-16 03:33:28', '2019-11-16 03:33:28'),
(198, '6 x 3', 18, 1, 3, '2019-11-16 03:33:28', '2019-11-16 03:33:28'),
(199, '10 x 9', 90, 1, 3, '2019-11-16 03:33:28', '2019-11-16 03:33:28'),
(200, '1 x 8', 8, 1, 3, '2019-11-16 03:33:28', '2019-11-16 03:33:28'),
(201, '7 x 2', 14, 1, 3, '2019-11-16 03:33:28', '2019-11-16 03:33:28'),
(202, '8 x 4', 32, 1, 3, '2019-11-16 03:33:28', '2019-11-16 03:33:28'),
(203, '5 x 7', 35, 1, 3, '2019-11-16 03:33:28', '2019-11-16 03:33:28'),
(204, '9 x 6', 54, 1, 3, '2019-11-16 03:33:28', '2019-11-16 03:33:28'),
(205, '7 x 9', 63, 1, 3, '2019-11-16 03:33:28', '2019-11-16 03:33:28'),
(206, '8 x 9', 72, 1, 3, '2019-11-16 03:33:28', '2019-11-16 03:33:28'),
(207, '8 x 9', 72, 1, 3, '2019-11-16 03:33:28', '2019-11-16 03:33:28'),
(208, '5 x 6', 30, 1, 3, '2019-11-16 03:33:28', '2019-11-16 03:33:28'),
(209, '3 x 4', 12, 1, 3, '2019-11-16 03:33:28', '2019-11-16 03:33:28'),
(210, '7 x 2', 14, 1, 3, '2019-11-16 03:33:28', '2019-11-16 03:33:28'),
(211, '60 ÷ 30', 2, 1, 4, '2019-11-16 03:33:28', '2019-11-16 03:33:28'),
(212, '20 ÷ 20', 1, 1, 4, '2019-11-16 03:33:28', '2019-11-16 03:33:28'),
(213, '40 ÷ 20', 2, 1, 4, '2019-11-16 03:33:28', '2019-11-16 03:33:28'),
(214, '55 ÷ 1', 55, 1, 4, '2019-11-16 03:33:28', '2019-11-16 03:33:28'),
(215, '26 ÷ 13', 2, 1, 4, '2019-11-16 03:33:28', '2019-11-16 03:33:28'),
(216, '29 ÷ 29', 1, 1, 4, '2019-11-16 03:33:28', '2019-11-16 03:33:28'),
(217, '56 ÷ 8', 7, 1, 4, '2019-11-16 03:33:29', '2019-11-16 03:33:29'),
(218, '18 ÷ 1', 18, 1, 4, '2019-11-16 03:33:29', '2019-11-16 03:33:29'),
(219, '38 ÷ 2', 19, 1, 4, '2019-11-16 03:33:29', '2019-11-16 03:33:29'),
(220, '42 ÷ 2', 21, 1, 4, '2019-11-16 03:33:29', '2019-11-16 03:33:29'),
(221, '48 ÷ 3', 16, 1, 4, '2019-11-16 03:33:29', '2019-11-16 03:33:29'),
(222, '30 ÷ 1', 30, 1, 4, '2019-11-16 03:33:29', '2019-11-16 03:33:29'),
(223, '36 ÷ 9', 4, 1, 4, '2019-11-16 03:33:29', '2019-11-16 03:33:29'),
(224, '31 ÷ 31', 1, 1, 4, '2019-11-16 03:33:29', '2019-11-16 03:33:29'),
(225, '18 ÷ 2', 9, 1, 4, '2019-11-16 03:33:29', '2019-11-16 03:33:29'),
(226, '60 ÷ 12', 5, 1, 4, '2019-11-16 03:33:29', '2019-11-16 03:33:29'),
(227, '52 ÷ 13', 4, 1, 4, '2019-11-16 03:33:29', '2019-11-16 03:33:29'),
(228, '34 ÷ 34', 1, 1, 4, '2019-11-16 03:33:29', '2019-11-16 03:33:29'),
(229, '8 ÷ 2', 4, 1, 4, '2019-11-16 03:33:29', '2019-11-16 03:33:29'),
(230, '29 ÷ 29', 1, 1, 4, '2019-11-16 03:33:29', '2019-11-16 03:33:29'),
(231, '8 ÷ 8', 1, 1, 4, '2019-11-16 03:33:29', '2019-11-16 03:33:29'),
(232, '60 ÷ 4', 15, 1, 4, '2019-11-16 03:33:29', '2019-11-16 03:33:29'),
(233, '60 ÷ 20', 3, 1, 4, '2019-11-16 03:33:29', '2019-11-16 03:33:29'),
(234, '22 ÷ 11', 2, 1, 4, '2019-11-16 03:33:29', '2019-11-16 03:33:29'),
(235, '7 ÷ 1', 7, 1, 4, '2019-11-16 03:33:29', '2019-11-16 03:33:29'),
(236, '60 ÷ 4', 15, 1, 4, '2019-11-16 03:33:29', '2019-11-16 03:33:29'),
(237, '8 ÷ 8', 1, 1, 4, '2019-11-16 03:33:29', '2019-11-16 03:33:29'),
(238, '24 ÷ 6', 4, 1, 4, '2019-11-16 03:33:29', '2019-11-16 03:33:29'),
(239, '30 ÷ 6', 5, 1, 4, '2019-11-16 03:33:29', '2019-11-16 03:33:29'),
(240, '25 ÷ 25', 1, 1, 4, '2019-11-16 03:33:29', '2019-11-16 03:33:29'),
(241, '60 ÷ 2', 30, 1, 4, '2019-11-16 03:33:29', '2019-11-16 03:33:29'),
(242, '3 ÷ 3', 1, 1, 4, '2019-11-16 03:33:29', '2019-11-16 03:33:29'),
(243, '32 ÷ 32', 1, 1, 4, '2019-11-16 03:33:29', '2019-11-16 03:33:29'),
(244, '38 ÷ 2', 19, 1, 4, '2019-11-16 03:33:29', '2019-11-16 03:33:29'),
(245, '41 ÷ 1', 41, 1, 4, '2019-11-16 03:33:29', '2019-11-16 03:33:29'),
(246, '49 ÷ 49', 1, 1, 4, '2019-11-16 03:33:29', '2019-11-16 03:33:29'),
(247, '16 ÷ 8', 2, 1, 4, '2019-11-16 03:33:29', '2019-11-16 03:33:29'),
(248, '42 ÷ 6', 7, 1, 4, '2019-11-16 03:33:29', '2019-11-16 03:33:29'),
(249, '42 ÷ 14', 3, 1, 4, '2019-11-16 03:33:29', '2019-11-16 03:33:29'),
(250, '4 ÷ 1', 4, 1, 4, '2019-11-16 03:33:29', '2019-11-16 03:33:29'),
(251, '47 ÷ 47', 1, 1, 4, '2019-11-16 03:33:29', '2019-11-16 03:33:29'),
(252, '29 ÷ 29', 1, 1, 4, '2019-11-16 03:33:29', '2019-11-16 03:33:29'),
(253, '18 ÷ 1', 18, 1, 4, '2019-11-16 03:33:29', '2019-11-16 03:33:29'),
(254, '45 ÷ 15', 3, 1, 4, '2019-11-16 03:33:29', '2019-11-16 03:33:29'),
(255, '11 ÷ 1', 11, 1, 4, '2019-11-16 03:33:29', '2019-11-16 03:33:29'),
(256, '29 ÷ 1', 29, 1, 4, '2019-11-16 03:33:29', '2019-11-16 03:33:29'),
(257, '60 ÷ 30', 2, 1, 4, '2019-11-16 03:33:29', '2019-11-16 03:33:29'),
(258, '20 ÷ 10', 2, 1, 4, '2019-11-16 03:33:29', '2019-11-16 03:33:29'),
(259, '12 ÷ 3', 4, 1, 4, '2019-11-16 03:33:29', '2019-11-16 03:33:29'),
(260, '18 ÷ 3', 6, 1, 4, '2019-11-16 03:33:29', '2019-11-16 03:33:29'),
(261, '13 ÷ 13', 1, 1, 4, '2019-11-16 03:33:29', '2019-11-16 03:33:29'),
(262, '59 ÷ 59', 1, 1, 4, '2019-11-16 03:33:29', '2019-11-16 03:33:29'),
(263, '36 ÷ 18', 2, 1, 4, '2019-11-16 03:33:29', '2019-11-16 03:33:29'),
(264, '30 ÷ 3', 10, 1, 4, '2019-11-16 03:33:29', '2019-11-16 03:33:29'),
(265, '32 ÷ 2', 16, 1, 4, '2019-11-16 03:33:29', '2019-11-16 03:33:29'),
(266, '1 ÷ 1', 1, 1, 4, '2019-11-16 03:33:29', '2019-11-16 03:33:29'),
(267, '22 ÷ 2', 11, 1, 4, '2019-11-16 03:33:29', '2019-11-16 03:33:29'),
(268, '32 ÷ 16', 2, 1, 4, '2019-11-16 03:33:29', '2019-11-16 03:33:29'),
(269, '38 ÷ 19', 2, 1, 4, '2019-11-16 03:33:29', '2019-11-16 03:33:29'),
(270, '60 ÷ 5', 12, 1, 4, '2019-11-16 03:33:29', '2019-11-16 03:33:29'),
(271, '36 ÷ 4', 9, 1, 4, '2019-11-16 03:33:29', '2019-11-16 03:33:29'),
(272, '56 ÷ 2', 28, 1, 4, '2019-11-16 03:33:29', '2019-11-16 03:33:29'),
(273, '48 ÷ 3', 16, 1, 4, '2019-11-16 03:33:29', '2019-11-16 03:33:29'),
(274, '13 ÷ 13', 1, 1, 4, '2019-11-16 03:33:29', '2019-11-16 03:33:29'),
(275, '57 ÷ 19', 3, 1, 4, '2019-11-16 03:33:29', '2019-11-16 03:33:29'),
(276, '60 ÷ 30', 2, 1, 4, '2019-11-16 03:33:29', '2019-11-16 03:33:29'),
(277, '10 ÷ 1', 10, 1, 4, '2019-11-16 03:33:29', '2019-11-16 03:33:29'),
(278, '54 ÷ 54', 1, 1, 4, '2019-11-16 03:33:29', '2019-11-16 03:33:29'),
(279, '36 ÷ 9', 4, 1, 4, '2019-11-16 03:33:29', '2019-11-16 03:33:29'),
(280, '46 ÷ 46', 1, 1, 4, '2019-11-16 03:33:29', '2019-11-16 03:33:29'),
(281, '8 ^ 2', 16, 1, 3, '2019-11-16 03:33:29', '2019-11-16 03:33:29'),
(282, '2 ^ 2', 4, 1, 3, '2019-11-16 03:33:29', '2019-11-16 03:33:29'),
(283, '10 ^ 2', 20, 1, 3, '2019-11-16 03:33:29', '2019-11-16 03:33:29'),
(284, '7 ^ 2', 14, 1, 3, '2019-11-16 03:33:29', '2019-11-16 03:33:29'),
(285, '15 ^ 2', 30, 1, 3, '2019-11-16 03:33:29', '2019-11-16 03:33:29'),
(286, '11 ^ 2', 22, 1, 3, '2019-11-16 03:33:29', '2019-11-16 03:33:29'),
(287, '12 ^ 2', 24, 1, 3, '2019-11-16 03:33:29', '2019-11-16 03:33:29'),
(288, '7 ^ 2', 14, 1, 3, '2019-11-16 03:33:29', '2019-11-16 03:33:29'),
(289, '1 ^ 2', 2, 1, 3, '2019-11-16 03:33:29', '2019-11-16 03:33:29'),
(290, '12 ^ 2', 24, 1, 3, '2019-11-16 03:33:29', '2019-11-16 03:33:29'),
(291, '14 ^ 2', 28, 1, 3, '2019-11-16 03:33:29', '2019-11-16 03:33:29'),
(292, '17 ^ 2', 34, 1, 3, '2019-11-16 03:33:29', '2019-11-16 03:33:29'),
(293, '17 ^ 2', 34, 1, 3, '2019-11-16 03:33:29', '2019-11-16 03:33:29'),
(294, '8 ^ 2', 16, 1, 3, '2019-11-16 03:33:29', '2019-11-16 03:33:29'),
(295, '20 ^ 2', 40, 1, 3, '2019-11-16 03:33:29', '2019-11-16 03:33:29'),
(296, '12 ^ 2', 24, 1, 3, '2019-11-16 03:33:29', '2019-11-16 03:33:29'),
(297, '15 ^ 2', 30, 1, 3, '2019-11-16 03:33:29', '2019-11-16 03:33:29'),
(298, '19 ^ 2', 38, 1, 3, '2019-11-16 03:33:29', '2019-11-16 03:33:29'),
(299, '12 ^ 2', 24, 1, 3, '2019-11-16 03:33:29', '2019-11-16 03:33:29'),
(300, '8 ^ 2', 16, 1, 3, '2019-11-16 03:33:29', '2019-11-16 03:33:29'),
(301, '20 ^ 2', 40, 1, 3, '2019-11-16 03:33:29', '2019-11-16 03:33:29'),
(302, '16 ^ 2', 32, 1, 3, '2019-11-16 03:33:29', '2019-11-16 03:33:29'),
(303, '2 ^ 2', 4, 1, 3, '2019-11-16 03:33:30', '2019-11-16 03:33:30'),
(304, '9 ^ 2', 18, 1, 3, '2019-11-16 03:33:30', '2019-11-16 03:33:30'),
(305, '11 ^ 2', 22, 1, 3, '2019-11-16 03:33:30', '2019-11-16 03:33:30'),
(306, '19 ^ 2', 38, 1, 3, '2019-11-16 03:33:30', '2019-11-16 03:33:30'),
(307, '5 ^ 2', 10, 1, 3, '2019-11-16 03:33:30', '2019-11-16 03:33:30'),
(308, '9 ^ 2', 18, 1, 3, '2019-11-16 03:33:30', '2019-11-16 03:33:30'),
(309, '8 ^ 2', 16, 1, 3, '2019-11-16 03:33:30', '2019-11-16 03:33:30'),
(310, '1 ^ 2', 2, 1, 3, '2019-11-16 03:33:30', '2019-11-16 03:33:30'),
(311, '14 ^ 2', 28, 1, 3, '2019-11-16 03:33:30', '2019-11-16 03:33:30'),
(312, '17 ^ 2', 34, 1, 3, '2019-11-16 03:33:30', '2019-11-16 03:33:30'),
(313, '7 ^ 2', 14, 1, 3, '2019-11-16 03:33:30', '2019-11-16 03:33:30'),
(314, '14 ^ 2', 28, 1, 3, '2019-11-16 03:33:30', '2019-11-16 03:33:30'),
(315, '7 ^ 2', 14, 1, 3, '2019-11-16 03:33:30', '2019-11-16 03:33:30'),
(316, '12 ^ 2', 24, 1, 3, '2019-11-16 03:33:30', '2019-11-16 03:33:30'),
(317, '6 ^ 2', 12, 1, 3, '2019-11-16 03:33:30', '2019-11-16 03:33:30'),
(318, '7 ^ 2', 14, 1, 3, '2019-11-16 03:33:30', '2019-11-16 03:33:30'),
(319, '15 ^ 2', 30, 1, 3, '2019-11-16 03:33:30', '2019-11-16 03:33:30'),
(320, '13 ^ 2', 26, 1, 3, '2019-11-16 03:33:30', '2019-11-16 03:33:30'),
(321, '1 ^ 2', 2, 1, 3, '2019-11-16 03:33:30', '2019-11-16 03:33:30'),
(322, '5 ^ 2', 10, 1, 3, '2019-11-16 03:33:30', '2019-11-16 03:33:30'),
(323, '6 ^ 2', 12, 1, 3, '2019-11-16 03:33:30', '2019-11-16 03:33:30'),
(324, '3 ^ 2', 6, 1, 3, '2019-11-16 03:33:30', '2019-11-16 03:33:30'),
(325, '15 ^ 2', 30, 1, 3, '2019-11-16 03:33:30', '2019-11-16 03:33:30'),
(326, '15 ^ 2', 30, 1, 3, '2019-11-16 03:33:30', '2019-11-16 03:33:30'),
(327, '19 ^ 2', 38, 1, 3, '2019-11-16 03:33:30', '2019-11-16 03:33:30'),
(328, '10 ^ 2', 20, 1, 3, '2019-11-16 03:33:30', '2019-11-16 03:33:30'),
(329, '10 ^ 2', 20, 1, 3, '2019-11-16 03:33:30', '2019-11-16 03:33:30'),
(330, '18 ^ 2', 36, 1, 3, '2019-11-16 03:33:30', '2019-11-16 03:33:30'),
(331, '6 ^ 2', 12, 1, 3, '2019-11-16 03:33:30', '2019-11-16 03:33:30'),
(332, '13 ^ 2', 26, 1, 3, '2019-11-16 03:33:30', '2019-11-16 03:33:30'),
(333, '7 ^ 2', 14, 1, 3, '2019-11-16 03:33:30', '2019-11-16 03:33:30'),
(334, '11 ^ 2', 22, 1, 3, '2019-11-16 03:33:30', '2019-11-16 03:33:30'),
(335, '9 ^ 2', 18, 1, 3, '2019-11-16 03:33:30', '2019-11-16 03:33:30'),
(336, '7 ^ 2', 14, 1, 3, '2019-11-16 03:33:30', '2019-11-16 03:33:30'),
(337, '16 ^ 2', 32, 1, 3, '2019-11-16 03:33:30', '2019-11-16 03:33:30'),
(338, '12 ^ 2', 24, 1, 3, '2019-11-16 03:33:30', '2019-11-16 03:33:30'),
(339, '17 ^ 2', 34, 1, 3, '2019-11-16 03:33:30', '2019-11-16 03:33:30'),
(340, '2 ^ 2', 4, 1, 3, '2019-11-16 03:33:30', '2019-11-16 03:33:30'),
(341, '10 ^ 2', 20, 1, 3, '2019-11-16 03:33:30', '2019-11-16 03:33:30'),
(342, '15 ^ 2', 30, 1, 3, '2019-11-16 03:33:30', '2019-11-16 03:33:30'),
(343, '19 ^ 2', 38, 1, 3, '2019-11-16 03:33:30', '2019-11-16 03:33:30'),
(344, '3 ^ 2', 6, 1, 3, '2019-11-16 03:33:30', '2019-11-16 03:33:30'),
(345, '13 ^ 2', 26, 1, 3, '2019-11-16 03:33:30', '2019-11-16 03:33:30'),
(346, '4 ^ 2', 8, 1, 3, '2019-11-16 03:33:30', '2019-11-16 03:33:30'),
(347, '12 ^ 2', 24, 1, 3, '2019-11-16 03:33:30', '2019-11-16 03:33:30'),
(348, '3 ^ 2', 6, 1, 3, '2019-11-16 03:33:30', '2019-11-16 03:33:30'),
(349, '19 ^ 2', 38, 1, 3, '2019-11-16 03:33:30', '2019-11-16 03:33:30'),
(350, '3 ^ 2', 6, 1, 3, '2019-11-16 03:33:30', '2019-11-16 03:33:30');

-- --------------------------------------------------------

--
-- Estrutura da tabela `migrations`
--

CREATE TABLE `migrations` (
  `id` int(10) UNSIGNED NOT NULL,
  `migration` varchar(255) COLLATE utf8mb4_unicode_ci NOT NULL,
  `batch` int(11) NOT NULL
) ENGINE=InnoDB DEFAULT CHARSET=utf8mb4 COLLATE=utf8mb4_unicode_ci;

--
-- Extraindo dados da tabela `migrations`
--

INSERT INTO `migrations` (`id`, `migration`, `batch`) VALUES
(1, '2014_10_12_000000_create_users_table', 1),
(2, '2014_10_12_100000_create_password_resets_table', 1),
(3, '2019_08_19_000000_create_failed_jobs_table', 1),
(4, '2019_11_15_175518_create_math_operations_table', 1),
(5, '2019_11_15_175527_create_math_problems_table', 1),
(6, '2019_11_15_181300_create_rankings_table', 1),
(7, '2019_11_15_232631_create_matches_table', 1);

-- --------------------------------------------------------

--
-- Estrutura da tabela `password_resets`
--

CREATE TABLE `password_resets` (
  `email` varchar(255) COLLATE utf8mb4_unicode_ci NOT NULL,
  `token` varchar(255) COLLATE utf8mb4_unicode_ci NOT NULL,
  `created_at` timestamp NULL DEFAULT NULL
) ENGINE=InnoDB DEFAULT CHARSET=utf8mb4 COLLATE=utf8mb4_unicode_ci;

-- --------------------------------------------------------

--
-- Estrutura da tabela `rankings`
--

CREATE TABLE `rankings` (
  `id` bigint(20) UNSIGNED NOT NULL,
  `score` varchar(255) COLLATE utf8mb4_unicode_ci NOT NULL,
  `time` varchar(255) COLLATE utf8mb4_unicode_ci NOT NULL,
  `operation_type` bigint(20) UNSIGNED NOT NULL,
  `users_id` bigint(20) UNSIGNED NOT NULL,
  `created_at` timestamp NULL DEFAULT NULL,
  `updated_at` timestamp NULL DEFAULT NULL
) ENGINE=InnoDB DEFAULT CHARSET=utf8mb4 COLLATE=utf8mb4_unicode_ci;

-- --------------------------------------------------------

--
-- Estrutura da tabela `users`
--

CREATE TABLE `users` (
  `id` bigint(20) UNSIGNED NOT NULL,
  `name` varchar(255) COLLATE utf8mb4_unicode_ci NOT NULL,
  `email` varchar(255) COLLATE utf8mb4_unicode_ci NOT NULL,
  `email_verified_at` timestamp NULL DEFAULT NULL,
  `password` varchar(255) COLLATE utf8mb4_unicode_ci NOT NULL,
  `remember_token` varchar(100) COLLATE utf8mb4_unicode_ci DEFAULT NULL,
  `created_at` timestamp NULL DEFAULT NULL,
  `updated_at` timestamp NULL DEFAULT NULL
) ENGINE=InnoDB DEFAULT CHARSET=utf8mb4 COLLATE=utf8mb4_unicode_ci;

--
-- Extraindo dados da tabela `users`
--

INSERT INTO `users` (`id`, `name`, `email`, `email_verified_at`, `password`, `remember_token`, `created_at`, `updated_at`) VALUES
(1, 'teste', 'teste7@example.org', NULL, '$2y$10$IMfi6czmf0yocrlddDxSVOAIPO8khXJWTgDFm69V3xLrQXq9bUFcW', NULL, '2019-11-16 03:33:26', '2019-11-16 03:33:26'),
(2, 'Tu que deixa', 'teste4@example.org', NULL, '$2y$10$x2yLvzveDRX0OzeO76LJ.eMS7o8qHDWO/rULUGKXGOmpmCSqMjWvi', NULL, '2019-11-16 03:35:12', '2019-11-16 03:35:12');

--
-- Indexes for dumped tables
--

--
-- Indexes for table `failed_jobs`
--
ALTER TABLE `failed_jobs`
  ADD PRIMARY KEY (`id`);

--
-- Indexes for table `matches`
--
ALTER TABLE `matches`
  ADD PRIMARY KEY (`id`),
  ADD KEY `matches_mathoperation_id_foreign` (`mathoperation_id`),
  ADD KEY `matches_users_id_foreign` (`users_id`);

--
-- Indexes for table `math_operations`
--
ALTER TABLE `math_operations`
  ADD PRIMARY KEY (`id`);

--
-- Indexes for table `math_problems`
--
ALTER TABLE `math_problems`
  ADD PRIMARY KEY (`id`),
  ADD KEY `math_problems_mathoperation_id_foreign` (`mathoperation_id`);

--
-- Indexes for table `migrations`
--
ALTER TABLE `migrations`
  ADD PRIMARY KEY (`id`);

--
-- Indexes for table `password_resets`
--
ALTER TABLE `password_resets`
  ADD KEY `password_resets_email_index` (`email`);

--
-- Indexes for table `rankings`
--
ALTER TABLE `rankings`
  ADD PRIMARY KEY (`id`),
  ADD KEY `rankings_operation_type_foreign` (`operation_type`),
  ADD KEY `rankings_users_id_foreign` (`users_id`);

--
-- Indexes for table `users`
--
ALTER TABLE `users`
  ADD PRIMARY KEY (`id`),
  ADD UNIQUE KEY `users_email_unique` (`email`);

--
-- AUTO_INCREMENT for dumped tables
--

--
-- AUTO_INCREMENT for table `failed_jobs`
--
ALTER TABLE `failed_jobs`
  MODIFY `id` bigint(20) UNSIGNED NOT NULL AUTO_INCREMENT;
--
-- AUTO_INCREMENT for table `matches`
--
ALTER TABLE `matches`
  MODIFY `id` bigint(20) UNSIGNED NOT NULL AUTO_INCREMENT, AUTO_INCREMENT=6;
--
-- AUTO_INCREMENT for table `math_operations`
--
ALTER TABLE `math_operations`
  MODIFY `id` bigint(20) UNSIGNED NOT NULL AUTO_INCREMENT, AUTO_INCREMENT=6;
--
-- AUTO_INCREMENT for table `math_problems`
--
ALTER TABLE `math_problems`
  MODIFY `id` bigint(20) UNSIGNED NOT NULL AUTO_INCREMENT, AUTO_INCREMENT=351;
--
-- AUTO_INCREMENT for table `migrations`
--
ALTER TABLE `migrations`
  MODIFY `id` int(10) UNSIGNED NOT NULL AUTO_INCREMENT, AUTO_INCREMENT=8;
--
-- AUTO_INCREMENT for table `rankings`
--
ALTER TABLE `rankings`
  MODIFY `id` bigint(20) UNSIGNED NOT NULL AUTO_INCREMENT;
--
-- AUTO_INCREMENT for table `users`
--
ALTER TABLE `users`
  MODIFY `id` bigint(20) UNSIGNED NOT NULL AUTO_INCREMENT, AUTO_INCREMENT=3;
--
-- Constraints for dumped tables
--

--
-- Limitadores para a tabela `matches`
--
ALTER TABLE `matches`
  ADD CONSTRAINT `matches_mathoperation_id_foreign` FOREIGN KEY (`mathoperation_id`) REFERENCES `math_operations` (`id`),
  ADD CONSTRAINT `matches_users_id_foreign` FOREIGN KEY (`users_id`) REFERENCES `users` (`id`);

--
-- Limitadores para a tabela `math_problems`
--
ALTER TABLE `math_problems`
  ADD CONSTRAINT `math_problems_mathoperation_id_foreign` FOREIGN KEY (`mathoperation_id`) REFERENCES `math_operations` (`id`) ON DELETE CASCADE;

--
-- Limitadores para a tabela `rankings`
--
ALTER TABLE `rankings`
  ADD CONSTRAINT `rankings_operation_type_foreign` FOREIGN KEY (`operation_type`) REFERENCES `math_operations` (`id`),
  ADD CONSTRAINT `rankings_users_id_foreign` FOREIGN KEY (`users_id`) REFERENCES `users` (`id`);

/*!40101 SET CHARACTER_SET_CLIENT=@OLD_CHARACTER_SET_CLIENT */;
/*!40101 SET CHARACTER_SET_RESULTS=@OLD_CHARACTER_SET_RESULTS */;
/*!40101 SET COLLATION_CONNECTION=@OLD_COLLATION_CONNECTION */;
